{"cameraMode":{"drawMode":0,"name":"Shaded","section":"Shading Mode"},"sceneLighting":true,"audioPlay":false,"sceneViewState":{"showFog":true,"showMaterialUpdate":false,"showSkybox":true,"showFlares":true,"showImageEffects":true,"showParticleSystems":true},"in2DMode":false,"pivot":{"x":-1.7366108894348145,"y":1.2657768726348878,"z":3.328336715698242},"rotation":{"x":-0.07899089902639389,"y":0.9208875298500061,"z":-0.27762487530708315,"w":-0.26201483607292178},"size":6.099997520446777,"orthographic":false}